Country,Bank Deposit,Cash Pickup
DE,Instant Transfer,1 - 2 Business Days
AL,Instant Transfer,
AG,Instant Transfer,
AR,Instant Transfer,1 - 2 Business Days
AM,Instant Transfer,
AU,Instant Transfer,1 - 2 Business Days
AT,Instant Transfer,1 - 2 Business Days
BH,Instant Transfer,
BD,Instant Transfer,1 - 2 Business Days
BB,Instant Transfer,
BE,Instant Transfer,1 - 2 Business Days
BJ,Instant Transfer,1 - 2 Business Days
BO,In Minutes,1 - 2 Business Days
BA,,1 - 2 Business Days
BR,,
BG,Instant Transfer,Same Day
BF,Instant Transfer,1 - 2 Business Days
BI,Instant Transfer,
KH,Instant Transfer,
CM,Instant Transfer,1 - 2 Business Days
CA,Instant Transfer,1 - 2 Business Days
TD,,1 - 2 Business Days
CL,In Minutes,
CN,,Instant Transfer
CO,In Minutes,In Hours
KM,Instant Transfer,
CR,Instant Transfer,Instant Transfer
HR,,1 - 2 Business Days
CY,In Minutes,1 - 2 Business Days
CZ,,1 - 2 Business Days
CD,Instant Transfer,
DK,Instant Transfer,1 - 2 Business Days
DJ,Instant Transfer,
DO,Instant Transfer,
EC,In Hours,1 - 2 Business Days
EG,Instant Transfer,Same Day
SV,In Hours,1 - 2 Business Days
ER,,
EE,,1 - 2 Business Days
ET,Instant Transfer,Instant Transfer
FI,Instant Transfer,1 - 2 Business Days
FR,Instant Transfer,1 - 2 Business Days
GA,Instant Transfer,1 - 2 Business Days
GM,Instant Transfer,In Hours
GE,Instant Transfer,Instant Transfer
GH,Instant Transfer,Instant Transfer
GR,Instant Transfer,Instant Transfer
GT,In Hours,1 - 2 Business Days
GN,Instant Transfer,
GW,Instant Transfer,1 - 2 Business Days
GY,In Minutes,1 - 2 Business Days
HT,Instant Transfer,In Minutes
HN,In Hours,1 - 2 Business Days
HK,,1 - 2 Business Days
HU,,Same Day
IN,In Minutes,In Minutes
ID,In Minutes,In Minutes
IE,In Minutes,1 - 2 Business Days
IL,In Minutes,1 - 2 Business Days
IT,In Minutes,1 - 2 Business Days
CI,In Minutes,1 - 2 Business Days
JM,In Minutes,In Minutes
JP,,In Hours
JO,In Minutes,
KE,In Minutes,In Minutes
KW,In Minutes,
KG,In Minutes,
LV,,1 - 2 Business Days
LR,In Minutes,
LT,In Minutes,1 - 2 Business Days
LU,In Minutes,1 - 2 Business Days
MK,Instant Transfer,
MG,Instant Transfer,
MW,Instant Transfer,
MY,Instant Transfer,
ML,Instant Transfer,1 - 2 Business Days
MT,,1 - 2 Business Days
MX,In Minutes,In hours
MD,Instant Transfer,
MC,,1 - 2 Business Days
MN,Instant Transfer,
ME,Instant Transfer,
MA,Instant Transfer,1 - 2 Business Days
MZ,Instant Transfer,-
MM,Instant Transfer,-
NP,Instant Transfer,1 - 2 Business Days
NL,,1 - 2 Business Days
NZ,,1 - 2 Business Days
NI,In Hours,1 - 2 Business Days
NE,Instant Transfer,1 - 2 Business Days
NG,In Minutes,In Minutes
NO,In Minutes,1 - 2 Business Days
OM,Instant Transfer,
PK,In Minutes,In Minutes
PA,-,
PY,-,
PE,In Minutes,
PH,In Minutes,In Minutes
PL,In Minutes,1 - 2 Business Days
PT,Same Day,1 - 2 Business Days
PR,Instant Transfer,
QA,Instant Transfer,
RO,,1 - 2 Business Days
RW,Instant Transfer,Instant Transfer
WS,Instant Transfer,
SM,In Minutes,
SN,Instant Transfer,1 - 2 Business Days
RS,Instant Transfer,
SC,Instant Transfer,
SL,Instant Transfer,
SG,Instant Transfer,1 - 2 Business Days
SK,,1 - 2 Business Days
SI,,1 - 2 Business Days
ZA,,Same Day
KR,,In Minutes
ES,Instant Transfer,1 - 2 Business Days
LK,Instant Transfer,1 - 2 Business Days
SR,Instant Transfer,
SE,In Minutes,Same Day
CH,Instant Transfer,Same Day
TJ,Instant Transfer,
TZ,Instant Transfer,
TH,Instant Transfer,1 - 2 Business Days
TG,Instant Transfer,1 - 2 Business Days
TO,Instant Transfer,
TT,Instant Transfer,
TN,Instant Transfer,
UG,Instant Transfer,Instant Transfer
UA,Instant Transfer,
AE,Instant Transfer,
GB,Instant Transfer,In Hours
UY,In Minutes,1 - 2 Business Days
VI,Instant Transfer,
VN,Instant Transfer,In Minutes
ZM,Instant Transfer,
